fecha_valor,eur,cny,try,rub,usd
"Lunes, 03 Noviembre  2025",258.1477902,31.47127761,5.32663744,2.77232407,223.9622
